{"accuracy": [0.5478442907333374, 0.600609540939331, 0.6239126324653625, 0.6301987171173096, 0.6496285200119019, 0.6635977029800415, 0.6739475727081299, 0.6856308579444885, 0.6985840201377869, 0.713188111782074], "auc": [0.7835007905960083, 0.8377866744995117, 0.8555644750595093, 0.8681324124336243, 0.8786656260490417, 0.8895145654678345, 0.897749125957489, 0.9064775705337524, 0.9128071665763855, 0.9230779409408569], "loss": [0.4481486976146698, 0.39402276277542114, 0.3741822838783264, 0.3580206632614136, 0.34412315487861633, 0.33008480072021484, 0.31747663021087646, 0.30501222610473633, 0.2948521077632904, 0.27816933393478394], "precision": [0.6391119360923767, 0.7035097479820251, 0.724618136882782, 0.7367624044418335, 0.7556291222572327, 0.7687155604362488, 0.7817455530166626, 0.7920055985450745, 0.7968812584877014, 0.8107466101646423], "recall": [0.47086605429649353, 0.5610520243644714, 0.587252676486969, 0.6046037673950195, 0.6239932179450989, 0.6447747945785522, 0.6617281436920166, 0.6777368783950806, 0.6910609602928162, 0.7126379609107971], "val_accuracy": [0.6190647482872009, 0.6392086148262024, 0.6395683288574219, 0.666187047958374, 0.6561151146888733, 0.6492805480957031, 0.650719404220581, 0.6435251832008362, 0.6640287637710571, 0.6625899076461792], "val_auc": [0.8747275471687317, 0.8816061019897461, 0.8869587182998657, 0.8885784149169922, 0.889180064201355, 0.8905914425849915, 0.8908299207687378, 0.8929848670959473, 0.8900548815727234, 0.8845630884170532], "val_loss": [0.35295411944389343, 0.3342975974082947, 0.33323049545288086, 0.32527872920036316, 0.3232448399066925, 0.3241455852985382, 0.323313444852829, 0.32629480957984924, 0.3301853835582733, 0.3460915684700012], "val_precision": [0.7247114777565002, 0.7599861025810242, 0.763350784778595, 0.7596924901008606, 0.7684745788574219, 0.7574663758277893, 0.763911783695221, 0.7538211345672607, 0.7519480586051941, 0.7564563751220703], "val_recall": [0.6129773259162903, 0.6281940937042236, 0.6279069781303406, 0.6525983214378357, 0.6508756875991821, 0.6626471281051636, 0.6660924553871155, 0.6655182242393494, 0.6649439930915833, 0.6643698215484619]}